model,mae_mean,mae_std,rmse_mean,rmse_std,r2_mean,r2_std
random_forest,17580.27184432308,1364.6192910277223,30537.303771211817,6119.197382301446,0.8507558716008846,0.04117344239100412
ridge_regression,16634.551118593772,2025.5140940979475,43337.807203051474,36656.638212819045,0.5980991218538548,0.6061524317672087
lasso_regression,16392.880231052615,2553.523662713635,45883.63048877096,42185.140896347024,0.523961553951397,0.7625881030326627
linear_regression,17380.082908132685,3368.7309016456356,52687.83186405765,49190.816913704155,0.3637460575009157,1.0199224115841308
baseline_median,55624.8617637686,2478.7410918298497,81317.92295343879,5639.729731786517,-0.05645574433850418,0.0309186625964994
